<Projects>
    <Project>
        <ProjectName>DocumentNameProject-619</ProjectName>
        <Folder>
            <FolderName>example</FolderName>
			 <Folder>
                <FolderName>a</FolderName>
					<Document operation="CREATE">
					<AuthordByPersonID>Lx Administrator</AuthordByPersonID>
					<BaseName>Finance Lease- 619.txt</BaseName>
					<CodeDocumentTypeID>Image</CodeDocumentTypeID>
					<FileCreatedDate>2015-08-30</FileCreatedDate>
					<ParentFolderID>a</ParentFolderID>
					<ReadyForRelease>false</ReadyForRelease>
					<ZipEntry>/example/a/Finance Lease- 619.txt</ZipEntry>
					<AutoCheckin>false</AutoCheckin>
					</Document>
            </Folder>
			<Folder>
                <FolderName>b</FolderName>
					<Document operation="CREATE">
					<AuthordByPersonID>Lx Administrator</AuthordByPersonID>
					<BaseName>Site projects- 619.txt</BaseName>
					<CodeDocumentTypeID>Image</CodeDocumentTypeID>
					<FileCreatedDate>2015-08-30</FileCreatedDate>
					<ParentFolderID>a</ParentFolderID>
					<ReadyForRelease>false</ReadyForRelease>
					<ZipEntry>/example/b/Site projects- 619.txt</ZipEntry>
					<AutoCheckin>false</AutoCheckin>
					</Document>
            </Folder>
			<Folder>
                <FolderName>c</FolderName>
					<Document operation="CREATE">
					<AuthordByPersonID>Lx Administrator</AuthordByPersonID>
					<BaseName>Demographics- 619.txt</BaseName>
					<CodeDocumentTypeID>Image</CodeDocumentTypeID>
					<FileCreatedDate>2015-08-30</FileCreatedDate>
					<ParentFolderID>a</ParentFolderID>
					<ReadyForRelease>false</ReadyForRelease>
					<ZipEntry>/example/c/Demographics- 619.txt</ZipEntry>
					<AutoCheckin>false</AutoCheckin>
					</Document>
            </Folder>
        </Folder>
    </Project>
</Projects>
