<Projects>
    <Project>
        <ProjectName>DocumentDeleteProject-46</ProjectName>
        <Folder>
            <FolderName>example</FolderName>
			 <Folder>
                <FolderName>DeleteAccess Documents</FolderName>
					<Document operation="CREATE">
					<AuthordByPersonID>Delete Access</AuthordByPersonID>
					<BaseName>DocumentA.txt</BaseName>
					<CodeDocumentTypeID>Image</CodeDocumentTypeID>
					<FileCreatedDate>2015-08-30</FileCreatedDate>
					<ParentFolderID>DeleteAccess Documents</ParentFolderID>
					<ReadyForRelease>true</ReadyForRelease>
					<ZipEntry>/example/DeleteAccess Documents/DocumentA.txt</ZipEntry>
					<AutoCheckin>true</AutoCheckin>
					</Document>
            </Folder>
			<Folder>
                <FolderName>DeleteAccess Documents</FolderName>
					<Document operation="CREATE">
					<AuthordByPersonID>Delete Access</AuthordByPersonID>
					<BaseName>DocumentB.txt</BaseName>
					<CodeDocumentTypeID>Image</CodeDocumentTypeID>
					<FileCreatedDate>2015-08-30</FileCreatedDate>
					<ParentFolderID>DeleteAccess Documents</ParentFolderID>
					<ReadyForRelease>true</ReadyForRelease>
					<ZipEntry>/example/DeleteAccess Documents/DocumentB.txt</ZipEntry>
					<AutoCheckin>true</AutoCheckin>
					</Document>
            </Folder>
			<Folder>
                <FolderName>DeleteAccess Documents</FolderName>
					<Document operation="CREATE">
					<AuthordByPersonID>Delete Access</AuthordByPersonID>
					<BaseName>DocumentC.txt</BaseName>
					<CodeDocumentTypeID>Image</CodeDocumentTypeID>
					<FileCreatedDate>2015-08-30</FileCreatedDate>
					<ParentFolderID>DeleteAccess Documents</ParentFolderID>
					<ReadyForRelease>true</ReadyForRelease>
					<ZipEntry>/example/DeleteAccess Documents/DocumentC.txt</ZipEntry>
					<AutoCheckin>true</AutoCheckin>
					</Document>
            </Folder>
			<Folder>
                <FolderName>Dwight's Documents</FolderName>
            </Folder>
        </Folder>
    </Project>
</Projects>
