<Projects>
    <Project>
        <ProjectName>RegenerateBinder</ProjectName>
        <Folder>
            <FolderName>FolderA</FolderName>
			 <Folder>
                <FolderName>FolderA</FolderName>
					<Document operation="CREATE">
					<AuthordByPersonID>Lx Administrator</AuthordByPersonID>
					<BaseName>UploadA.txt</BaseName>
					<CodeDocumentTypeID>Document</CodeDocumentTypeID>
					<FileCreatedDate>2016-11-16</FileCreatedDate>
					<ParentFolderID>FolderA</ParentFolderID>
					<ReadyForRelease>true</ReadyForRelease>
					<ZipEntry>/FolderA/FolderA/UploadA.txt</ZipEntry>
					<AutoCheckin>true</AutoCheckin>
					</Document>
            </Folder>
			<Folder>
                <FolderName>FolderA</FolderName>
					<Document operation="CREATE">
					<AuthordByPersonID>Lx Administrator</AuthordByPersonID>
					<BaseName>UploadB.txt</BaseName>
					<CodeDocumentTypeID>Document</CodeDocumentTypeID>
					<FileCreatedDate>2016-11-16</FileCreatedDate>
					<ParentFolderID>FolderA</ParentFolderID>
					<ReadyForRelease>true</ReadyForRelease>
					<ZipEntry>/FolderA/FolderA/UploadB.txt</ZipEntry>
					<AutoCheckin>true</AutoCheckin>
					</Document>
            </Folder>
			<Folder>
                <FolderName>FolderA</FolderName>
					<Document operation="CREATE">
					<AuthordByPersonID>Lx Administrator</AuthordByPersonID>
					<BaseName>UploadC.txt</BaseName>
					<CodeDocumentTypeID>Document</CodeDocumentTypeID>
					<FileCreatedDate>2016-11-16</FileCreatedDate>
					<ParentFolderID>FolderA</ParentFolderID>
					<ReadyForRelease>true</ReadyForRelease>
					<ZipEntry>/FolderA/FolderA/UploadC.txt</ZipEntry>
					<AutoCheckin>true</AutoCheckin>
					</Document>
            </Folder>
        </Folder>
    </Project>
</Projects>
