<Projects>
    <Project>
        <ProjectName>DocumentDeleteProject-46</ProjectName>
        <Folder>
            <FolderName>example</FolderName>
			 <Folder>
                <FolderName>Dwight's Documents</FolderName>
					<Document operation="CREATE">
					<AuthordByPersonID>Lx Administrator</AuthordByPersonID>
					<BaseName>DocumentD.txt</BaseName>
					<CodeDocumentTypeID>Image</CodeDocumentTypeID>
					<FileCreatedDate>2015-08-30</FileCreatedDate>
					<ParentFolderID>Dwight's Documents</ParentFolderID>
					<ReadyForRelease>false</ReadyForRelease>
					<ZipEntry>/example/Dwight's Documents/DocumentD.txt</ZipEntry>
					<AutoCheckin>false</AutoCheckin>
					</Document>
            </Folder>
			<Folder>
                <FolderName>Dwight's Documents</FolderName>
					<Document operation="CREATE">
					<AuthordByPersonID>Lx Administrator</AuthordByPersonID>
					<BaseName>DocumentE.txt</BaseName>
					<CodeDocumentTypeID>Image</CodeDocumentTypeID>
					<FileCreatedDate>2015-08-30</FileCreatedDate>
					<ParentFolderID>Dwight's Documents</ParentFolderID>
					<ReadyForRelease>false</ReadyForRelease>
					<ZipEntry>/example/Dwight's Documents/DocumentE.txt</ZipEntry>
					<AutoCheckin>false</AutoCheckin>
					</Document>
            </Folder>
			<Folder>
                <FolderName>Dwight's Documents</FolderName>
					<Document operation="CREATE">
					<AuthordByPersonID>Lx Administrator</AuthordByPersonID>
					<BaseName>DocumentF.txt</BaseName>
					<CodeDocumentTypeID>Image</CodeDocumentTypeID>
					<FileCreatedDate>2015-08-30</FileCreatedDate>
					<ParentFolderID>Dwight's Documents</ParentFolderID>
					<ReadyForRelease>false</ReadyForRelease>
					<ZipEntry>/example/Dwight's Documents/DocumentF.txt</ZipEntry>
					<AutoCheckin>false</AutoCheckin>
					</Document>
            </Folder>
        </Folder>
    </Project>
</Projects>
